limited,6,1
arrives,0,1
mething,0,1
aefs,0,1
itcolarryspaypal@yahoo.com,2,0
yellow,0,1
four,0,1
oldest,1,0
saved,1,1
h7b5x0krjxslsaoo1n,0,1
relationships,0,2
replacements,1,0
1.13,0,3
aug,40,38
telemarketers,3,0
intro,1,0
imap,23,19
patalano,0,1
nawzpywjszswgynkgdghlihdheskuicancg0kugx1cybjihdpbgwgaw50cm9k,0,1
under,0,5
tspamassassin,0,1
sorry,0,1
pride,1,0
d0727b17,0,2
spec,0,1
winfrey,1,0
started,5,0
eire,1,0
digit,0,3
hormone,1,0
ler@lerctr.org,4,2
risk,1,0
incurs,1,0
mnt,1,0
dd3213f6ec,0,1
85.114,0,1
exmh-workers@redhat.,0,2
ident,2,4
every,5,4
updates,3,1
vs3390,0,1
nanananana,1,0
193.105,0,1
affect,1,0
193.106,0,1
cognigen,0,1
uace,1,0
look,3,2
npay,1,0
panasas,0,6
propecia,1,1
itemid,0,2
skills,2,0
companies,0,3
solution,0,1
van,0,3
24sportvillage,0,2
nfor,1,3
enhance,0,1
92.50,0,2
hcm,1,0
heading,1,0
g12lg1321570,0,1
carnivore,1,0
hstntx,1,0
speci,1,0
9000ms,0,1
guidelines,1,0
direct,0,2
chef,1,0
second,2,1
street,2,0
192.220,2,0
chea,1,0
eligible,1,0
1600x1200,0,1
guckes,1,0
mason,3,2
as122,1,0
even,9,9
lesser,1,0
errors,15,11
preferences,0,1
integrity,0,1
selected,0,1
targetemailextractor@btamail.net.cn,0,3
17lefo,1,0
ff00ff,0,2
ms,0,1
3.35,0,1
above,2,2
toll,1,4
c0fef16f03,0,1
new,11,10
net,129,128
ever,3,3
told,0,1
pioneering,0,1
med,1,0
jasper5645@yahoo.com,2,0
args,8,0
simultaneously,0,2
203.226,0,1
ndinner,1,0
mailings,1,1
never,3,4
remanufactured,1,0
residual,1,0
here,26,11
hundreds,3,0
reported,2,0
gamut,1,0
china,0,1
uaca,1,0
nlist,2,1
active,2,1
path,34,29
penile,1,0
2f2000,0,1
2fcontinue,0,1
mdom,1,0
yyyy-cv@spamassassin.taint.,0,1
115.50,0,2
auction,1,0
asy100,1,0
study,0,2
g8q81pc06412,0,1
0.33,0,1
completely,1,1
reports,0,1
credit,4,5
launched,1,1
nabout,0,1
unwanted,1,1
nothers,1,1
spawn,1,1
epl7000,0,1
secure,2,0
c3900a,0,1
triumf,3,0
momsday4277@eudoramail.com,0,4
highly,1,0
rx,4,0
visible,0,1
cheats,1,0
welch,0,2
fork-admin@xent.,27,14
edificio,1,0
total,1,0
nclimb,1,0
sarah,1,0
3eeasy,0,2
derricutt,1,1
marketers,1,0
would,7,6
tarball,0,2
catchy,1,0
diretory,0,1
cfafd440d3,1,0
negative,1,1
64.14,1,0
64.15,1,0
distributing,1,0
nprinter,1,0
tm,4,0
tele,1,1
dns,0,1
recommend,2,2
survive,0,1
type,39,27
tell,1,4
nfewer,1,0
207.69,1,0
n55,0,1
ud48d,1,0
suppliesl,0,1
relay,1,0
populations,1,0
207.61,1,1
n52,0,1
interesting,0,1
yahoo,6,14
aware,1,0
toolbar,2,0
dogma,31,28
warm,0,1
prescription,1,2
84.50,0,2
physically,1,0
hold,1,1
nfaster,1,0
must,6,4
me,12,17
md,2,2
word,3,2
yyyy@spamassassin.taint.org,0,1
mm,0,6
tb,1,0
mo,2,0
work,12,4
mi,0,1
reads,1,1
worth,2,2
root@localhost.localdomain,0,1
2m31s,1,0
install,0,5
mr,6,1
listening,0,1
root,0,1
mx,19,21
scripting,0,1
ncard,1,0
89.00,0,1
august,1,0
http://www.mindupmerchants.com/default.asp?id=5581,1,0
indicated,1,0
give,5,3
yyyy@localhost.example.com,2,8
cited,1,0
smtp,40,33
updated,2,1
heartless,1,0
cnietonten,1,0
8.37,1,0
egroups,0,1
32glw2vp,1,0
caused,1,0
reviewing,0,1
want,7,6
3ehave,0,1
premium,1,0
drive,0,1
times,3,0
attract,0,2
ngood,0,1
uag,0,3
worse,2,1
aging,3,1
end,2,4
straightforward,1,1
2fconnections,0,1
turn,4,0
provide,1,1
ie,1,0
iiis,0,1
zzzz,7,6
feature,2,1
planta,1,0
machine,1,0
how,10,9
240.3,1,0
3ehuge,0,1
dyndns,2,2
hos,2,0
230.21,0,1
significance,1,0
answer,1,0
0002kx,0,1
kolumbus,3,3
ny5030,1,0
config,1,0
iiid,0,1
nright,1,0
releases,1,0
gaming,0,2
a033516f69,0,2
supplied,0,1
description,0,1
haven,3,0
nidea,1,0
after,5,5
kittyle@freindly.com,0,3
minimized,0,1
demanding,1,1
nsending,0,1
exmh-workers@listman.redhat.,0,1
larryspaypal@yahoo.com,1,0
president,1,0
law,1,0
excited,1,0
types,1,1
purchase,1,4
217.141,0,1
157.,0,1
effective,1,1
sntc01,0,1
wins,2,0
spamc,0,3
bootstrap,0,2
columbia,1,0
blurb,1,0
green,3,2
localdomain,5,2
enter,1,0
dinter,0,3
nstill,1,0
order,5,12
nx19fx19fx19fx19fx19fx19fx19fx19fx19fx19fx19fx19fx19fx19fx19f,0,1
feedback,1,0
office,2,0
over,13,6
zyban,2,2
satisfied,1,0
jerry,1,0
nunfamiliarity,1,0
6.5,0,1
6.0,1,1
e312,0,1
propping,1,0
before,5,5
10.0,3,1
10.3,0,3
ncartridges,0,2
10.5,0,1
img,0,1
personal,2,0
61.174,0,1
fix,0,1
cres,1,1
3200se,0,1
imo,0,3
writing,1,0
better,2,1
16.6,0,1
nproducts,0,1
rly,4,0
netmisc,0,2
weeks,4,1
surcharges,0,2
pass,0,1
easier,1,1
x94,0,9
tboundary,0,1
theo,0,3
then,14,18
them,7,8
xa,77,361
twith,0,1
saa07090,0,1
safe,1,0
209.240,2,0
school,0,4
roommate,1,0
forking,1,1
therapy,1,0
reaches,1,0
they,13,20
xe,0,1
rental,0,1
vanilla,1,1
bank,8,0
1.00,0,6
1.03,2,1
several,0,4
1.05,0,1
g7sjuam18267,0,1
edge,0,1
classified,0,1
iig,0,1
l,546,15
nprosper,1,0
each,5,1
addicted,0,2
g4bfpoe28432,0,1
went,3,3
7218e294172,1,0
side,0,1
bone,1,0
mean,2,3
consolidate,0,1
interruption,0,1
signing,1,1
whim,0,1
financial,1,2
logs,0,1
212.2,1,0
series,0,7
212.9,1,0
42.233,0,1
fredjaeger,1,0
vote,1,0
taught,1,0
trading,1,0
nworkmanship,0,1
so20108,1,0
forgot,0,1
nin,4,0
dawn,1,0
collector,0,2
c4192a,0,1
g6ony6m02041,0,1
forwarding,2,0
lair,9,4
network,4,5
oprah,1,0
72.50,0,2
hooked,1,0
dss,4,2
gob,2,0
content,59,42
re,17,14
dsl,4,2
g6ony2j55006,0,1
g89j5vi26688,1,0
got,7,2
fep02,3,3
ro,2,0
nfuzzy,1,0
ncollege,1,0
rk,5,2
ptr2y4p5,1,0
stamping,0,1
turning,0,3
city,3,0
50.4522,1,0
ntr,0,1
ntu,6,0
little,4,1
free,34,32
laserwriter,0,3
nmcbwzxigd2vlaywgyxmgssbhbsbjdxjyzw50bhkgz2vuzxjhdgluzyaodmvy,0,1
nto,11,4
http://home.webstakes.com/play/homepage?temp=2201,1,0
nytimes,0,1
ntd,1,0
ntotal,1,0
g6k1utp02310,1,0
123.135,1,0
93.228,1,0
starts,0,1
traceback,0,2
messages,3,7
days,5,3
descriptive,0,1
ist,39,35
nhref,0,2
shipped,0,1
n28,0,1
iso,10,6
isn,1,2
ncybwcm9ncmftiglzihjpz2h0igzvcib5b3uuicancg0kicagicagicagicag,0,1
signature,1,6
suggestion,0,1
40btamail,0,2
thinkgeek,1,0
size,0,62
spamassassin-commits-admin@lists.sourceforge.,0,1
already,8,0
characters,0,3
economists,2,0
6r926,0,1
uc694,2,0
evls,1,0
rank,0,1
nbut,0,1
hook,3,0
quicker,0,1
another,2,1
wasn,1,0
hear,0,1
electronic,3,2
n21,0,1
portable,0,1
n20,0,1
g922lbk21545,0,1
service,14,10
attach,0,1
fifty,1,0
n27,0,1
top,2,0
tired,0,1
0.06,0,1
xim,1,2
nmanageable,0,1
233.,1,0
toi,1,0
rates,3,4
too,6,6
tom,3,0
percentage,0,1
john,1,2
nlike,2,0
ndiff,0,1
5simx,0,1
66.245,1,0
80.24,0,1
nmuch,1,0
tool,1,0
addition,0,1
5se,0,1
task,0,1
b331,1,1
64.25,0,1
extended,2,5
mx06,1,0
wasted,0,1
cilck,1,0
crawl,0,1
n11a,0,1
noshow,0,1
distance,0,4
5mp,0,1
0.466,0,2
207.228,1,1
database,1,0
unsubscription,1,0
likely,1,0
203.199,1,0
project,1,0
matter,1,0
apt,8,9
m0089ll,0,2
silly,0,2
iron,2,0
ub530,1,0
prone,0,2
extracting,0,1
xmail,2,0
lgonze,2,0
nthe,12,2
mind,4,2
128.5,0,1
anybody,3,0
formula,0,1
rohit,9,4
g97lbtk17261,0,1
socio,1,0
5.05,1,0
seen,5,3
seem,1,6
treatement,1,1
5.01,1,1
5.00,18,0
cipher,4,4
8e71aa4ad3,1,0
b2f5516f03,1,0
g8ifzmc04700,1,0
http://service.ivillage.com/apps/dcs/mcp?r=7003b9351hujs01200027c03b930mphywphdh,1,0
consumable,1,0
cope,0,2
balder,3,0
epl,0,3
thorough,1,1
oriented,0,1
196.,0,2
materials,0,1
nia0kicagicagicagicagicagicbebybzb3ugv2fudcbubybuzwfjacbhbmqg,0,1
nclear,1,0
aefd1a4024e,1,0
effectiveness,0,1
rider,1,0
nmulti,0,1
nprograms,0,2
blue,0,2
though,3,4
3ddisc,0,1
c7115a,0,1
174.223,1,0
regular,1,1
plenty,1,1
organization,2,3
nsomeone,1,0
bsa,3,0
unknowingly,0,1
christ,0,1
promotions,1,1
jm@netnoteinc.com,1,0
don,10,16
treats,1,1
rogers,2,0
fx1,0,2
incomplete,0,1
professor,3,0
m,333,14
npockets,0,1
tech,1,1
enterprise,1,1
hettinga,2,0
dos,1,0
talkread,0,1
7a71e44161,0,1
mailing,19,20
70e6c16f03,0,1
came,2,1
saying,1,1
desktops,0,2
g8e3loe9024995,0,1
juncan,1,0
nzcboyxzligvpdghlcibtywrligxhcmdligftb3vudhmgb2ygbw9uzxkgaw4g,0,1
brief,1,0
7.2,2,0
7.3,0,1
7.0,2,3
7.1,1,0
x92ve,0,2
17jcha,0,1
keywords,6,6
bail,0,2
lessons,1,0
finally,1,2
nworld,0,1
just,24,18
e1da844241,1,0
250.00,1,0
vacation,1,0
hrs,1,0
appreciated,0,1
tries,0,1
lsmtp,2,0
bush,0,1
zzzzason,4,1
5000.00,1,0
rick,1,0
rich,1,1
ldap,2,1
folks,0,1
folder,5,3
ni9jurp7f9684@hotmail.com,1,0
69.,0,1
skyt,1,1
npersonal,1,1
http://xent.com/mailman/listinfo/fork,2,0
borrowed,1,0
do,39,15
claritin,1,1
dm,1,0
nyet,0,1
compounded,1,0
professionals,1,0
pilzer,1,0
de,1,0
db,4,0
scalable,0,1
da,1,0
geek,2,2
panasonic,0,1
atlanticmeds,4,0
ubc29,1,0
supplies,1,2
report,1,2
dr,1,0
246.157,0,1
184.74,0,1
societies,1,0
6.86,0,1
bat,0,1
743af2940df,0,1
hpbbse,1,0
countries,1,0
exchanged,1,0
138.66,1,0
excel,1,0
neveryday,1,0
patch,0,1
twice,1,1
com@smtp1.admanmail.com,1,0
emv,0,2
68e5f43f9b,1,0
release,3,2
4.01,0,1
vamos,0,5
ndirectly,1,0
respond,1,0
albertans,2,0
nform,0,2
fair,3,2
n45,0,1
mta03bw,0,4
testing,0,1
nup,1,0
opposite,0,3
nslowed,0,1
196.3,2,0
result,0,1
corrupt,1,0
62.248,1,1
wsmf,1,0
smp,1,1
best,14,4
subject,40,32
g93mqsf26521,0,1
said,8,5
capacity,0,5
sej3451840n22@excite.com,0,2
inappropriate,0,1
lots,0,1
pasted,1,0
away,0,2
msquadrat,0,1
zubilam,0,1
yet,4,2
stamps,1,0
r,680,7
features,0,1
cooperation,1,0
hopefully,0,1
drawn,0,1
t21,0,1
nudge,1,0
discovery,1,0
sections,1,0
we,38,12
men,0,1
terms,0,1
bargains,1,0
132.188,0,1
nature,1,0
blaster,0,6
nwill,1,1
wk,1,0
however,1,2
wh,0,1
xa0credit,0,1
vernon,0,1
ws,1,0
extent,1,0
upfront,4,4
news,1,2
nset,1,0
debt,1,1
g8mmnac17586,1,0
improve,1,0
beat,2,0
received,193,147
protect,2,2
accident,2,0
4egly,0,1
c4092a,0,1
country,4,0
10acpi,0,1
players,0,2
games,0,7
crank,6,0
msgid,0,1
operating,2,3
googlecooking,2,0
browser,2,0
com,184,120
asked,1,1
3eeasier,0,1
nespecially,1,0
nsince,1,0
tone,1,0
nspamassassin-commits@lists.sourceforge.,0,1
appeared,1,0
character,0,1
tons,1,0
viruses,1,0
nfiles,0,1
tony,1,0
loaded,1,1
trust,1,0
nquestions,1,0
xa0mailings,0,1
bingo,0,1
che,1,0
puts,1,0
eager,1,0
union,3,0
fri,24,16
cpunks@waste.minder.net,4,2
three,4,0
been,10,6
quickly,1,2
extraction,0,1
much,11,5
3eif,0,1
interest,4,1
3bsearch,0,1
flexible,1,0
5a0ad29418f,1,0
nreal,2,2
nsponsor,0,1
location,1,0
website,2,1
life,4,3
eastern,4,0
drugs,1,1
3esending,0,1
g8ed6kw05816,1,0
76.165,2,0
lp@insiq.us,1,0
dave,1,0
lift,1,0
0.10,0,1
catch,2,0
worked,2,1
nresponse,1,0
piercelaw,0,1
c977a16f03,1,0
has,14,2
cpunks@einstein.ssz.com,1,2
nbills,0,1
gnu,2,1
tversion,4,4
quinlan@pathname.com,0,1
economies,1,0
n,3039,1292
employ,1,0
weren,1,0
sacvs,0,1
suppose,1,0
rfc2822,0,1
applies,1,0
uae08,1,0
balance,1,1
m6002,0,1
k,67,0
procedure,1,1
n26a,0,1
remembering,0,1
stop,0,1
changed,2,2
xl04,1,0
xl05,1,0
iq,1,0
ip,0,1
is,76,73
it,96,62
ngames,0,1
expenses,1,0
ii,0,1
im,1,2
il,4,0
conf,3,5
in,106,75
rno,1,1
mouse,0,1
id,197,154
vizopprus@excite.com,0,1
if,38,28
damaged,1,1
01c264b1,4,0
journal,2,1
things,2,3
make,14,15
2f98,0,1
amount,1,1
zzzzteana,0,1
nbgugd2hvigfscmvhzhkgagf2zsbwzw9wbgugc2tpbgxzigluihbsywnligfu,0,1
3eunusable,0,1
gateways,1,0
3blists,0,1
principals,2,0
warra,1,0
mindspring,4,0
b835e440c8,0,1
255e529416b,1,0
templates,1,0
meets,1,0
7bit,12,9
ncompletely,0,1
159.66,1,0
saddam,0,1
nic,1,0
3eaddresses,0,1
nif,2,0
g744usv16068,1,0
hand,1,1
ud2f0,1,0
n29,0,1
nremoved,0,1
exmh,19,20
kin,2,0
kim,0,2
n23,0,1
n22,0,1
utilizing,0,1
qaa31077,1,0
opportunity,4,2
n26,0,1
n25,0,3
n24,0,1
simulates,0,1
prescribed,0,1
kept,1,1
lucas,2,0
n11b,0,1
programs,8,3
e520916f17,0,1
thu,31,27
yertle,0,2
smokes,0,1
taint,18,17
mimeole,1,3
savings,1,0
contact,3,2
greatest,1,0
mother,1,0
claims,1,1
the,273,161
corporate,2,1
yours,3,0
left,0,2
seasonal,1,1
givers,1,0
quoted,8,5
yea,1,0
nearn,1,0
rebellions,1,0
okidata,1,0
vandenberg,1,0
quotes,0,3
3eable,0,1
via,2,0
thanks,2,1
human,2,1
shading,0,1
facts,4,2
yep,1,0
yes,4,1
8.11,110,94
8.10,0,6
8.12,20,8
adding,1,2
buyers,1,0
hal,2,1
interestingly,0,1
agile,0,1
ease,1,0
nmembership,0,1
17s1uy,0,1
postal,1,0
pharmacy,0,1
elz,0,3
belongs,1,0
board,1,0
easy,10,5
ffffff,0,1
save,1,4
hat,0,3
170.127,1,0
hav,2,0
opt,2,2
purple,2,0
maya,2,2
skeptics,1,0
decided,2,0
skeptical,2,2
65.194,0,1
roadside,0,1
looks,2,0
addicts,0,2
nassociated,1,0
34.94,1,0
rpm-list@freshrpms.,1,1
wrold,1,0
picasso,1,1
unique,1,0
55.196,0,2
shoulder,1,0
daemon,2,2
bpb,0,1
7df512940e9,1,0
gift,5,0
67.135,0,1
specific,1,1
informative,1,1
5.,1,1
steps,1,0
nwho,1,0
follows,0,1
notorious,0,1
security,0,1
sometime,0,1
gifter,1,0
nvery,0,1
surf,1,0
www,10,11
right,5,3
old,7,4
ole,1,3
deal,3,3
people,16,10
sends,1,0
nsort,1,0
3econtinue,0,1
dead,0,4
nfrom,1,0
57.50,0,1
nprinting,1,0
qualifying,2,0
printer,4,4
unitown,2,0
dear,2,0
q6lnkpjp,1,0
bore,0,1
nspamassassin-talk@lists.sourceforge.,0,1
3emake,0,1
nprovinces,1,0
3babout,0,1
fingerprinting,0,1
x93hooked,0,1
dense,1,2
for,146,166
bottom,2,1
tasks,1,0
9083d3ed56,1,0
c189,1,0
comments,2,3
3eadd,0,1
everything,2,1
ucsc,0,10
asking,0,1
backspace,0,1
dimebox,4,0
tiprelease,1,0
231.172,1,0
icq,1,1
fork@example.com,6,8
localhost,118,88
particular,1,0
nexploitation,1,0
sparse,0,2
deleted,0,1
marketing,2,3
payment,2,0
burn,0,1
nretrieving,0,2
8.0,0,1
corp,9,8
packages,3,3
losing,0,2
post,16,13
manufacturing,1,0
super,1,1
permitted,2,0
af9lw1jcefjddu0voz,0,1
compose,1,0
pihlaja,2,2
u017d,0,2
dollars,4,0
army,1,0
bdswaha2ipsgxs0mz71,1,0
o,882,3
3emanages,0,1
193.120,3,2
ndefinitely,1,0
sshgate,0,1
eight,0,1
efforts,1,1
0.161,0,2
automatically,2,0
3eexpressead,0,4
3ebeijing,0,1
wasting,1,1
pays,2,0
sol,1,0
soo,0,2
naccount,1,0
down,3,2
entrepreneur,1,0
3ewith,0,1
lieu,0,1
petting,13,0
binding,1,0
federal,2,0
http://www.pgpi.org/,0,1
21.4,0,1
nneed,1,1
asmtp,0,1
support,3,1
legislation,0,1
nsend,2,0
why,4,4
ganja,0,1
stuck,0,1
quote,0,3
towing,0,1
editor,1,0
way,15,6
spring,1,0
call,8,4
was,11,16
war,1,1
yyyy@netters.is,1,0
happy,4,3
lowest,1,0
head,0,1
economics,1,0
169.187,2,0
216.204,0,1
offer,3,1
becoming,0,2
paypal,6,0
referendums,1,0
back,4,6
spam,18,36
purchasing,0,1
ub294,2,0
uncle,0,2
nkidding,0,1
removed,8,0
true,3,3
distcomps,1,0
retin,0,1
inphonic,0,1
bengreen@mindupmerchants.com,2,2
nalready,1,0
versions,0,4
iisc,0,1
inside,0,1
nbyb5b3vyignhbgwuicagia0kicagicagicagicagicagicagicagicagicag,0,1
3.4,1,0
until,1,1
nthink,1,0
61.104,1,0
00c5,0,2
attn,1,0
mta,2,1
dues,0,1
delete,1,2
originating,0,1
mails,1,3
medication,0,2
lately,1,0
computing,1,1
nresults,1,0
locust,12,6
proven,2,0
sticky,0,1
garym@teledyn.com,1,1
refcode,0,1
vwh,2,0
nsparsely,1,0
ndqoxnje1euptzjmtmdk3yu1atzmxmdjuuupzmi04otjsmjg,0,1
accounting,1,0
exist,2,1
fx2,0,3
e980f440cc,1,0
check,4,12
physical,1,0
kennethuba@mail.com,1,0
nk,1,0
nl,15,12
6.95,1,0
no,43,26
zane,1,0
na,6,1
nbattle,0,1
when,20,10
ne,3,0
ng,1,0
power,4,0
successful,1,0
nz,2,2
interested,1,3
role,1,0
8f34e3edd2,1,0
np,1,0
nr,4,0
developers,0,1
nt,2,2
8.8,6,4
hfcfyouroffers676@hotmail.com,2,0
uae30,1,0
intend,1,1
brothers,1,0
models,0,1
dies,1,0
welcome,1,2
utilities,2,0
nzwqgbwvzc2fnzsbudw1izxigymvsb3cuicbxzsb3awxsihrha2ugyxmgbxvj,0,1
webserver,0,1
scorer,1,0
msmail,1,5
authorities,1,0
3bto,0,1
858a72940ec,0,2
seeing,0,1
gets,2,0
died,1,0
quinlan,0,3
onceler,0,3
nanyway,1,0
happening,1,1
phone,9,3
assume,0,1
11fad9j,1,0
3edirect,0,2
greetings,0,1
together,3,1
6r905,0,1
6r906,0,1
listman,12,12
6r900,0,1
24.75,0,1
6r902,0,1
time,24,18
serious,1,0
6r908,0,1
g7s1apz05113,0,1
e312l,0,1
precise,0,1
22mailto,0,1
nia0kicagicagicagicagicagicagicagicagicaqkio4mdetmjk2ltq0mtag,0,1
27.144,1,0
rom,1,0
remarkable,1,0
switched,0,1
tset,1,0
pros,1,0
global,2,0
ndwnlihlvdsb0bybtesbtzw50b3igd2hvig1ha2vzihdlbgwgaw4gzxhjzxnz,0,1
leads,10,0
roy,1,0
manager,1,4
g6pdntbw045561,1,0
skin,1,0
battle,1,0
24.205,1,1
n32,0,1
n33,0,1
khera,0,1
n35,0,4
n36,0,1
n37,0,1
certainly,1,1
spamassassin-talk-admin@lists.sourceforge.,0,2
larryspaypal,4,0
fork@spamassassin.taint.org,13,2
07af716f03,1,0
flash,1,0
2812216efc,1,0
german,1,0
charge,0,1
t610,0,1
promoting,0,1
marks,0,1
discovering,1,1
nrepresentation,1,0
circumstances,1,0
giga,1,0
saa07065,0,1
cnc,0,2
yahou,0,1
protective,1,1
ntheir,0,2
string,2,1
advantage,1,0
65.217,1,0
refinance,1,1
nolist,1,0
162.83,1,0
consolidation,1,0
seemingly,1,0
choice,2,1
listid,0,1
vegas,3,0
1c1e03,4,0
sejr102@yahoo.com,0,2
285.,1,0
join,5,3
trouble,0,1
machineries,1,0
web13708,1,0
minute,0,3
cool,1,0
1b50,1,0
2200dse,0,1
l4500,0,1
level,6,9
did,8,3
turns,0,1
fork@xent.com,1,0
brother,1,0
leave,2,1
p,422,9
settle,1,0
offering,0,2
team,2,0
quick,3,1
nos,1,0
iaa20974,1,0
setup,3,0
added,1,1
prevent,1,0
a152a29409a,1,0
100.00,2,0
regret,1,1
discover,1,0
sign,5,2
2ac7816f03,1,0
slowed,1,0
cost,5,2
g7ra7gz02703,1,0
g6k1uvj30349,1,0
0004y2,0,1
port,2,0
wondering,1,0
adds,1,0
stands,1,1
7.00,0,1
assistance,0,1
g93mwhk17771,0,1
217.56,0,1
welch@medlicott.panasas.com,0,1
current,6,0
12a5745,0,1
g2v55x227984,0,1
suspect,0,1
132.206,0,1
goes,2,1
inkjets,1,0
nx19fx19fx19fx18gdqoqvg8gymugdgfrzw4gb3v0ig9mihroaxmgzgf0ywjh,0,1
reply,31,32
gtk,1,1
jury,1,0
nfigure,0,1
downloader,0,1
baartman,2,0
learn,5,2
6e58,1,0
french,2,0
nweb,1,0
4522.1200,1,0
test,1,4
mj,1,0
groups,2,6
address,7,26
123.,1,0
g8edn7j14880,1,0
along,4,1
9679b1c2c4,1,0
change,0,3
wait,2,0
box,1,0
sending,1,3
200.18,1,0
17s1vv,0,1
canadian,3,0
my,28,27
200.16,0,2
guilty,1,0
widening,1,0
example,2,3
nshould,2,0
trial,0,2
women,0,1
64.125,1,0
2ezip,0,6
239.140,1,0
166.84,2,0
usually,0,1
plc,1,0
weird,0,2
history,1,0
http://thinkgeek.com/sf,0,1
ttests,4,4
t27,0,1
engineer,1,0
googlewhacking,1,0
useful,0,1
os,1,0
49.00,0,4
bs,1,0
prefer,1,0
ls,0,1
marked,0,1
gwbtdk00,0,1
xenical,1,1
ipt,1,0
embarrassing,1,0
tuesday,1,0
bridgestonetj,2,0
market,1,0
yourself,5,4
handled,1,0
working,4,1
128.4,1,0
19.95,1,0
visit,7,2
79.110,1,0
229e681acee3,1,1
by,166,132
nmillions,0,1
cybird13@hotmail.com,1,0
ntransaction,1,0
nmessage,0,1
prey,1,0
https,0,3
memory,1,0
msg,4,1
eighty,1,0
today,8,5
score,0,2
introducing,1,0
sharing,1,0
naxrlzcb0bybvbmugcxvhbglmawvkigluzgl2awr1ywwgcgvyihn0yxrlliag,0,1
clicking,1,0
share,2,0
acceptable,1,0
2fbemm,0,1
envelope,12,5
2f41638da7,1,0
n15,0,1
teases,1,1
nback,0,1
l700,0,1
wentworth,0,5
behalf,0,1
surrounded,0,1
l3300,0,1
ibm,1,0
tby,58,31
car,0,4
89.207,0,1
modified,0,1
subjest,1,0
3elegal,0,1
printing,0,1
can,35,24
royal,3,0
nbusiness,1,0
following,3,3
making,3,2
nfishing,1,0
newspapers,1,0
deceased,1,0
147.215,1,1
claim,3,1
c4127a,0,1
months,1,2
3cdiv,0,16
kenneth,4,0
expanding,1,0
awesome,1,0
confused,0,2
agent,3,5
heard,2,0
ecorpnet,0,2
allowed,1,2
c4127x,0,1
ntwo,1,0
burgeoning,0,2
requirements,1,1
winter,1,0
2csupport,0,1
discussion,5,5
charset,25,17
erratum,1,0
nyt,0,2
write,0,2
immune,1,0
misleading,1,1
14pm,2,2
plus,0,2
guarantee,1,0
product,1,3
224.4,1,0
nservice,1,0
huge,1,2
may,23,25
max,2,0
nshipping,0,1
aol,5,0
spot,1,0
respective,0,1
snv,0,1
crashed,1,0
membership,0,5
overcharging,0,1
unclaimed,1,0
0.75,0,1
messaging,0,1
date,45,44
such,4,1
suck,1,0
destructive,1,0
data,2,0
g6mgznhy000838,1,0
iiip,0,1
man,1,0
3cfont,0,113
remember,5,0
reseller,0,1
g8t7vug03078,0,1
maybe,3,4
2c555294106,1,0
charterpipeline,1,1
208.,0,1
q,13,1
cse,0,2
gap,1,0
3121jdvn9,1,0
so,20,24
42.50,0,3
verify,4,5
nour,1,1
representation,1,0
sa,1,4
tutoring,1,0
sf,3,28
talk,0,9
refund,0,1
exclusive,1,0
tagged,0,1
enhancements,0,1
csreddy3@rediffmail.com,1,0
east,1,0
indeed,1,1
mainly,1,0
http://freshrpms.net/,0,1
years,8,0
course,4,0
qmqp,1,1
nmail,1,0
250.3,1,0
still,5,1
cvsroot,0,2
blocked,0,1
jid,1,1
group,4,9
thank,1,0
2enet,0,2
g6pdnko26441,1,0
nonspam,0,1
lietuva,0,1
jim,2,4
troubles,0,1
2200dtn,0,1
coordinates,1,0
forms,3,0
platform,1,2
window,0,12
offers,7,2
x92s,0,4
dwarfs,0,2
74.50,0,1
policy,3,0
mail,63,38
main,5,4
instantly,1,2
g14l8h826708,1,1
non,6,2
recreate,1,0
finance,2,0
recipients,1,0
matches,0,1
recipes,2,0
nof,4,4
killer,0,2
undisclosed,1,0
3bsupports,0,1
fr,0,2
nec,0,1
pegasus,0,1
nremoval,0,1
wealthy,3,0
not,34,13
beenthere,14,11
now,11,16
hall,3,1
nor,3,0
slacky,0,2
561vfdn8353fvpk0,0,1
oversimplication,1,0
name,24,15
rssfeeds@jmason.org,0,3
worldrxco,1,0
james,2,0
drop,23,20
x93hook,0,1
211.240,0,1
possibilities,1,0
realistic,1,0
nindividuals,1,0
wellness,2,0
2fbj,0,6
ncomplaints,0,1
nemail,1,1
g97lwmk18667,0,1
144.135,0,1
domain,0,1
en,3,0
eh,0,1
populated,1,0
n13,0,1
3eloading,0,1
083f02940c6,0,1
communication,2,0
yeah,1,1
snapshots,0,1
4000tn,0,2
optra,0,5
phentermine,2,0
sponsor,0,2
entering,0,1
year,2,2
symptoms,1,1
et,1,0
ew,0,1
eq,1,0
ep,0,1
es,1,2
example.com@returns.groups.yahoo.com,0,2
canada,4,0
living,1,0
ultimately,1,0
medications,1,0
ndesigned,0,1
opened,1,1
space,0,1
profit,2,0
nwith,3,4
looking,0,1
mess,1,0
seriously,1,2
miles,1,1
iaa20944,1,0
internet,19,10
5mdk,1,0
26.84,1,0
receiving,8,0
processed,2,0
inevitably,0,1
sarki,1,0
n11,0,1
http://us.click.yahoo.com/qrpzmc/itmeaa/mvfiaa/7gsolb/tm,0,1
s051009,0,2
million,5,0
quite,3,1
6bf04114088,1,0
mime,39,21
besides,2,0
ndocserver,1,0
org,97,76
obligation,1,3
tiputil,1,0
uaa21219,1,0
card,4,3
care,1,1
alphas,1,0
training,1,0
fixed,0,1
2lla84sr,0,1
couldn,0,1
foulke,1,0
impose,0,1
wrong,1,0
honest,0,1
thing,3,3
disable,1,1
place,2,1
aboard,2,0
router,0,1
promotion,0,1
view,4,0
think,9,2
first,14,9
blind,1,1
xh,0,1
fetched,1,0
err,4,0
redhat,11,11
156.187,1,0
organisations,0,1
fg,0,1
owner-cypherpunks@einstein.ssz.,1,0
n10,0,1
one,24,12
forever,0,1
annualization,2,0
xy,0,3
americans,0,1
specifically,1,0
spanish,1,0
carry,1,0
message,54,48
fight,1,0
open,6,1
george,0,1
millions,3,3
ccsun37,4,0
given,2,3
authenticated,1,2
belphegore,2,0
2ffont,0,113
rpm-zzzlist@freshrpms.,9,8
x93no,0,1
caught,0,1
trillion,2,0
6pse,0,1
anyone,3,2
indicate,1,0
407c816efc,1,0
draft,1,0
legally,0,1
white,0,1
nperson,2,0
bits,4,3
g9181ok15632,0,1
friend,1,0
pal,35,0
n2b,0,1
excellent,1,0
nexpression,0,1
watching,1,0
takemetothesavings,0,1
that,60,49
http://www.envex.net/,0,1
edit,6,3
byoz,1,0
ncall,0,1
3ecan,0,1
fresh,0,1
d3d07406cd,1,0
eliminated,1,0
copy,4,0
than,14,15
n2a,0,1
ofered,1,1
wide,0,2
n38a,0,1
unfortunately,1,0
structured,2,0
require,1,0
nnfmp,1,2
22.236,9,4
g7vkgzz13334,1,0
future,8,4
6c21138dac,1,0
nig9micqxldawmcwwmdagyw5udwfsbhkudqonck1hbnkgyxjlignhbgxlzcwg,0,1
venture,1,0
were,4,2
lerctr,2,1
laserfax,0,4
39.26,1,0
1.,24,26
and,178,120
fork,2,0
talios@myjabber.net,1,1
homeowners,0,1
systemworks,1,0
san,2,0
investors,2,0
craig,2,0
pro,12,7
premier,1,0
pri,1,0
ncopier,0,1
medical,4,2
say,3,3
c4191a,0,1
saw,0,1
any,9,12
sat,38,13
proton,0,2
join.for.free@mandark.labs.netnoteinc.com,0,1
4fb0caa2,1,1
form,9,1
efficient,1,1
malte,0,1
answering,0,1
ideas,1,0
zoo,13,0
note,9,0
potential,2,1
gkm,2,0
take,3,2
xxxxxx,0,1
online,4,3
resembling,0,1
performance,1,0
interbusiness,0,1
ultimate,1,1
butterfly,0,1
begin,3,2
sure,5,2
multiple,0,2
bigpond,0,5
normal,3,19
printable,6,2
price,8,9
knew,1,1
paid,1,7
exploited,1,0
editing,0,1
occurred,1,0
nproc,1,0
debts,1,0
america,1,0
pager,0,2
pages,1,3
20.,1,0
http://www.takemetothesavings.com/warranty/,0,2
viewable,0,1
especially,1,2
refunds,0,1
treturn,2,0
mrt,1,0
average,3,0
later,1,1
sale,4,0
ninvolved,1,0
ottawa,2,0
pheromones,0,1
unapologetically,1,0
virtually,1,0
nviolence,0,1
professional,5,1
duplication,1,0
g7r9vsz01596,0,1
laws,1,0
shop,1,0
ncompletes,1,0
lexicon,1,0
show,0,2
lotus,1,0
recipe,2,0
representatives,1,0
discovered,2,0
c4194a,0,1
213.181,1,0
nthousands,1,0
faster,3,0
3eoffers,0,2
0.44,1,1
upgrade,4,4
ratio,1,0
nplace,1,0
daily,4,1
nbelievers,1,0
2fbemv,0,1
nall,0,2
yyyy@localhost.spamassassin.taint.org,9,3
ameri,1,0
only,29,7
going,2,1
black,0,8
40pm,0,1
treasury,1,0
sveldt,0,1
mailsvc,0,1
fda,0,1
12.64,1,0
3bcombine,0,1
ssy,1,0
policies,2,0
mailscanner,0,3
get,30,18
ncomments,0,1
designated,1,1
219.130,1,0
truly,0,1
ssl,4,2
cannot,4,1
227.61,2,0
hedge,3,0
trade,2,1
1.257,0,1
boundary,6,1
2fstrong,0,24
http://www.teledyn.com,1,1
regarding,1,0
155.89,2,0
ncut,1,0
settings,0,2
ergonomic,0,1
i386,1,1
yield,0,5
privacy,1,0
admins,0,1
stupid,0,1
tfor,57,32
scott,0,1
where,2,2
211.91,1,1
silently,3,0
n12,0,1
ignored,1,0
g6pdnhj83808,1,0
ably,0,1
n16,0,1
n17,0,1
n14,0,1
203.133,1,0
networkers,1,0
n18,0,1
nrate,0,1
relative,1,0
nrequirements,1,0
exmh-workers@listman.spamassassin.taint.,0,1
sean,0,1
ntogether,1,0
3ci,0,3
rml,0,1
wonder,1,2
zzzzteana@yahoogroups.com,0,5
nis,4,2
invoked,3,3
voluntary,0,1
mortgage,5,1
host170,0,1
ways,0,1
forgotten,0,1
cleaning,1,0
ub728,2,0
sites,5,2
114.144,1,0
aemon,2,2
boundaries,0,1
spamassassin-talk@example.sourceforge.,0,3
enough,3,3
listinfo,8,8
nnty,1,0
between,1,1
testimonials,2,0
import,1,0
28.179,2,0
across,1,0
notice,4,0
c8061a,0,1
202.66,1,0
nionnaire,1,0
2ful,0,3
approvals,1,0
screen,1,2
3ca,0,7
jq,0,1
mandark,8,8
blame,2,0
jm,18,16
sparc,0,1
magne,1,0
jh,0,8
unusually,1,1
article,0,1
pharmacists,1,0
3cb,0,4
come,6,2
tue,41,48
n2now2193,1,0
0b52,1,0
g4ffoae12470,1,0
oust,0,1
ef0a,1,0
fit,1,1
sentto,0,2
many,7,4
trader,2,0
according,0,2
subscryyyyiberto,1,0
enabling,0,1
s,760,26
dated,1,1
comm,1,0
iaa20958,1,0
lerami,2,1
nno,1,0
necessary,2,0
brightly,1,0
color,1,61
nzmv3igfyzsbjag9zzw4uicbuaglzig9wcg9ydhvuaxr5ihdpbgwgymugbglt,0,1
optin-virtmund@dogma.slashnull.,1,0
6.,1,2
satisfaction,0,1
maintained,1,0
anti,1,1
confirm,0,1
learning,2,0
approval,0,1
decide,1,0
superonline,1,0
consider,2,0
cpunks@hq.pro,2,1
66.81,0,1
jamesr,2,0
unusual,0,1
tuning,0,2
subscribed,2,0
west,1,0
rebuild,0,1
uc778,1,0
informed,1,1
6r903,0,1
mark,3,1
combined,1,0
anaconda,1,0
nit,2,0
xa0for,1,0
nreferring,1,0
mary,2,0
disclosed,1,1
wants,0,1
2.40,2,0
direction,1,0
enable,1,0
66.217,0,1
ofemail,1,0
66.218,0,5
qsi,2,2
nuse,1,1
ava15059,1,0
bml,0,1
yzg,0,1
0702@hotmail.com,1,0
152.233,1,0
those,1,1
sound,1,1
229.55,0,1
myself,1,1
disconnected,0,1
290xrys2l33,0,1
these,5,9
tiputil2,1,0
cash,3,3
host11,0,3
g6ony8i5010290,0,1
c3909a,0,1
6re,0,1
situation,2,1
shops,1,0
g7ra6x501222,1,0
ctrl,0,1
13.95,1,0
canon,1,1
telephone,1,1
g7sk15z08404,0,1
good,5,2
zzzz@localhost.example.com,1,2
westjet,2,0
loosing,1,1
nihryywluihlvdsb0bybkbyazicaymcbtaw51dgvzihbyzxnlbnrhdglvbnmg,0,1
property,0,1
ascii,14,11
ship,2,0
worry,1,1
different,3,3
3ea,0,1
author,1,0
l4500ie,0,1
pay,42,4
creaky,0,1
g8jefcc22965,0,1
same,1,6
archive,15,13
3cbody,0,1
authentication,1,0
pac,0,1
x93how,0,1
66.187,2,2
lite,1,0
document,3,0
ngoogle,1,0
events,0,1
subdirectorys,0,1
status,13,11
smtpsvc,1,0
libido,1,0
insuranceiq,3,0
ye,0,2
assist,1,1
earned,1,0
0.02,0,1
cheers,1,0
nand,6,3
running,0,2
intended,0,2
changing,2,0
6lxi,0,1
totally,2,1
n31a,0,1
uc,0,1
156.157,1,0
http://www.frugaljoe.com/unsubscribe.php?eid=340329,1,0
nseveral,1,0
d1w,0,1
theater,1,1
nn,1,0
nthrough,1,0
nr3jvdybsawnopw0kdqoncg0kdqoncklmihlvdsbhcmugysbtb3rpdmf0zwqg,0,1
costs,1,1
209.239,0,1
relief,1,1
financeus034818w01@yahoo.com,0,1
sculptors,0,4
model,1,1
109.50,0,3
ssymail,1,0
62cac16efc,0,1
nexactly,1,0
nc,0,1
googlebombing,1,0
240.,0,1
being,6,7
money,24,14
unconstitutional,0,1
valuable,3,1
safeguards,1,1
http://www.insuranceiq.com/opt=,1,0
violent,0,2
nal,1,0
file,3,6
touch,1,0
qcyggxfh,1,0
gdl,0,3
ssz,5,3
telesp,1,0
engines,0,2
death,8,4
clueless,1,0
212.17,2,1
nexmh-users@redhat.,2,0
xent,37,16
seems,1,1
except,1,3
n33b,0,1
desktop,0,1
blog,1,1
wall,2,0
treatment,0,3
5fset,0,6
3cnobr,0,4
instructions,3,1
42.241,0,1
3darial,0,67
real,4,6
around,1,0
read,3,1
teasing,1,1
handling,1,0
load,0,1
nombres,0,1
vivek,0,1
bow,1,0
tid,1,0
mon,67,36
politely,0,1
moc,1,0
world,5,3
underwriting,2,0
e8c3b2940a1,0,1
recipient,0,1
tif,1,0
pst,1,0
ns,14,7
m10,0,1
ndhmgb2ygbw9uzxkgaw4gdghligz1dhvyzs4giexvb2tpbmcgzm9yd2fyzcb0,0,1
151.181,2,0
3ebuilt,0,1
consantly,1,1
server,0,11
annually,1,0
nonly,0,1
benefit,0,2
t,1223,55
always,0,3
2fli,0,3
revision,2,3
cypherpunks@ds.pro,2,1
classes,1,0
exmh-users@redhat.,0,1
16yc0z,1,0
nphone,0,3
jamesr@best.com,1,0
sequences,0,1
dole,0,1
yyyy,2,0
http://www.newsisfree.com/click/-1,0,1
3be,0,1
duration,1,0
51.110,2,0
3emaillist,0,2
thinks,0,1
uc735,1,0
provided,2,1
91.,1,1
76.50,0,2
g6jl02j03106,0,1
225.14,1,1
106.208,0,1
exim,2,10
legal,3,1
cpunks,6,4
tomk4@prodigy.net,1,0
critical,0,1
exit,0,1
boat,5,0
provides,1,1
http://www.globalrxco.com/main2.php?rx=16701,0,2
nacbvcibhcybsaxr0bgugdgltzsbhcyb5b3ugbmvlzcb0bybzzwugawygdghp,0,1
g4ilbud08488,0,1
refer,7,0
2010.,1,0
process,2,0
felt,1,0
epson,3,2
business,18,5
rottened,1,0
cyan,0,1
problems,0,1
equivalent,0,2
jm@netnoteinc.comhuman,1,0
sprung,0,2
update,1,1
broken,1,0
englightenment,0,2
48ef916f19,0,1
ttd,0,1
sixty,1,0
regexp,0,1
anticipated,1,0
prepared,1,0
nmh,2,1
manufacturer,1,0
lock,2,1
on,57,32
ok,2,0
godammit,1,0
package,0,2
of,141,83
industry,2,2
violence,0,1
thousands,1,0
informing,0,1
tremendous,1,0
nothing,3,0
pockets,1,0
barry,2,0
mixed,1,3
ou,1,0
discusses,0,1
g7vc5hz01049,1,0
or,50,28
op,2,0
outlook,6,4
lands,1,0
positives,0,1
3eaddress,0,2
c329,1,1
129.35,0,2
scores,0,1
162.132,0,1
rossz,0,3
bitbitch,0,2
qrq,2,0
3binternet,0,1
everyone,6,0
62.255,0,1
inbox,1,0
determine,0,1
gary,5,3
your,104,62
intervention,0,1
gathers,1,0
fast,11,4
6dm1hpj6rnugpjuuqitbyec3,0,1
log,0,2
examples,1,0
area,0,2
aren,1,0
removing,2,0
strictly,2,0
phobos,19,8
hey,3,0
mar,0,5
85.50,0,4
3euse,0,1
start,8,3
compliant,1,1
cats,0,8
emacs,0,1
low,2,1
lot,0,2
house,2,0
strict,0,1
c765d29409c,1,0
0.564,0,1
hard,1,0
complete,10,1
4000se,0,2
saatchi,1,0
jun,10,6
http://www.triumf.ca/people/baartman/,1,0
jul,52,16
g7s0rsl17185,0,1
12.219,1,1
g89j5vl26684,1,0
as051011,0,2
66.92,6,3
trying,2,3
with,232,170
proposal,2,0
47.50,0,2
longer,0,1
0b1,1,0
algorithm,0,1
rage,0,2
default,0,3
good-or-bad-credit@dogma.slashnull.,1,0
naddress,1,0
naddresses,0,2
g6pdnkj83824,1,0
bbq,1,0
toner,2,41
http://einstein.ssz.com/cdr,1,0
trips,1,0
55.,0,1
strongly,0,1
username,0,1
ac,1,0
required,4,11
uid,4,1
bmc,3,0
taste,1,0
certain,1,0
ak,0,1
am,12,2
sales,2,0
l7atqhnh,1,0
an,18,20
tipsmtp1,2,0
17jchf,0,1
as,36,28
deem,0,1
tasty,1,0
at,26,16
aw,0,1
b81e816f17,0,1
zombified,0,2
adsl,1,2
valtrex,1,1
nserious,0,1
bitbitch@magnesium.net,0,5
fill,5,3
hit,1,3
again,5,2
4.6,1,0
4.0,3,0
norders,0,1
extract,0,1
cst,4,0
2600.0000,0,1
storage,0,1
4.8,1,0
g6pdnli5045511,1,0
6r907,0,1
nnation,0,1
you,172,93
thousand,3,0
6r901,0,1
poor,1,0
requested,1,0
separate,0,1
students,1,0
45.50,0,1
17jch9,0,1
includes,3,2
gifts,1,0
webnote,9,5
nstop,1,0
track,2,2
betternow54i@now6.takemetothesavings.com,0,3
accounts,1,0
http://scriptingnews.userland.com/backissues/2002/09/25#when,0,1
chris,0,2
nmoney,1,1
193.172,3,3
pool,1,0
g4tmmco29175,1,0
building,1,1
shipping,3,1
3eemail,0,1
calls,0,3
wife,1,0
xa0simple,1,0
invest,2,0
20.7,0,1
cpe,0,1
nsubstantially,1,0
having,2,3
spamassassin-commits@example.sourceforge.,0,2
mark@talios.com,1,1
u,258,19
2910.0,0,1
searched,0,1
directory,0,3
oral,0,1
original,6,6
http://www.insuranceiq.com/optout,1,0
53.51,1,0
g8oje0c19083,1,0
all,33,28
g6j7rhj02577,1,0
dist,15,1
forget,2,1
chinese,0,1
scd,0,7
ale,0,1
dollar,1,0
filetime,1,0
192.168,2,6
month,6,1
c4193a,0,1
gt,0,4
forged,3,0
smoking,1,1
talks,1,0
follow,5,0
alt,0,1
settlement,1,0
revealed,1,0
children,1,0
hmmm,0,1
bcbalbstr2@hotmail.com,3,0
referring,3,0
27.99,1,0
exmh-workers-admin@redhat.,0,1
tw,7,0
ingrediants,1,0
2650.10,1,0
stretz,0,1
opportunities,1,1
removal,0,1
nzgugdg8gew91liagv2ugd2lsbcbkzw1vbnn0cmf0zsb0byb5b3ugdghhdcb5,0,1
to,365,273
program,13,17
protocols,0,1
th,1,0
59.95,1,0
200.168,1,0
vife,0,2
142.42,2,0
zzzz@localhost.spamassassin.taint.org,3,2
605e03fb5a,1,0
matthias@egwn.net,1,1
activities,0,2
fax,4,5
minder,18,9
attribution,1,2
returned,3,1
confidential,1,0
very,5,7
bombarded,1,0
2feeae,0,1
2feead,0,1
199bdde082,1,0
3eand,0,1
worst,1,2
hewlett,1,2
fall,1,0
practictioner,0,1
69.170,0,1
n38,0,1
heaven,1,1
yyyy@netnoteinc.com,3,1
cable,0,1
n39,0,1
list,132,124
joined,0,1
large,0,2
collect,1,1
sane,0,1
saudi,0,1
0.35,0,2
g4m1dxd28609,1,0
tempah,1,0
pbi,1,0
exmh-users-admin@spamassassin.taint.,4,2
g8leatc24979,1,0
population,2,0
0005ll,0,1
titled,0,1
3eis,0,1
nprobably,1,0
lucrative,1,0
nbs,1,0
3.12,1,1
3etargetemailremoval,0,1
ritter,0,1
breakers,1,1
past,1,0
n30,0,2
rate,6,2
titles,2,0
exec,1,0
displays,0,1
n31,0,1
further,0,1
2c000,0,1
investment,2,1
nbe,1,0
quicken,1,0
otoh,1,0
nmarketing,0,1
what,16,8
opted,1,0
richard,3,0
sun,15,19
section,3,1
subdirs,0,1
verifying,0,1
suv,0,1
version,59,46
run,3,0
commits,0,2
public,4,0
nmailing,2,0
outgoing,1,0
full,4,0
hash,0,1
uc721,1,0
loose,1,0
answers,3,1
hours,3,2
ndghlihbhc3qgb3igyxjlihjlywr5ihrvigdlbmvyyxrligxhcmdligftb3vu,0,1
threads,0,4
nlittle,1,0
excess,1,0
2fedeb,0,1
0005l6,0,1
november,1,0
iraq,0,2
cypherpunks-forward@ds.,2,1
nrelatively,0,1
search,1,2
sender,26,16
ahead,2,0
introductory,1,0
compliance,1,1
allows,0,1
g8ednbc04904,1,0
experience,0,1
jmason,11,11
healthier,1,0
85.7,0,1
social,1,2
action,2,2
sealing,0,1
luck,1,1
da64216efc,1,1
ncredit,1,0
point,1,1
vic,0,2
alexandria,1,0
followed,0,1
members,2,9
family,7,1
suddenly,1,0
collected,0,1
imagine,0,1
xa0we,0,1
vir,1,0
ask,1,2
3cbr,0,15
lagos,1,0
http://lin12.triumf.ca/me3.gif,1,0
alberta,12,0
rollover,1,0
03.15,1,1
http://www.teledyn.com/,1,1
select,3,6
97.50,0,1
takes,2,1
distinct,1,0
3ethousands,0,1
manually,1,0
two,10,2
twm,0,1
0.82,0,1
g93mr1f30385,0,1
148.63,1,0
archives,0,1
codetel,1,0
markets,2,0
possible,1,1
more,30,18
lowering,1,0
nhome,1,1
nface,0,2
teledyn,1,1
g89j9pc28601,1,0
company,5,3
stable,1,0
welch@panasas.com,0,1
g97nqtk21525,1,0
site,9,4
nowhatnowproc,1,0
flag,1,0
controlling,0,1
basically,1,2
g8pim9c08544,1,0
newsgroups,0,1
known,3,7
gnus,0,2
glad,1,0
nlimit,0,1
none,1,2
include,1,2
nbombarded,0,1
niqlexmqjxwsuwvipkjuuknnxif,1,0
hour,7,1
exmh-users-admin@redhat.,2,1
2b9ff3fec4,0,1
recall,1,0
http://www.auracom.com/,1,1
des,4,4
dev,1,1
nletters,1,0
4mv,0,2
snfc21,1,1
resources,1,2
v,122,17
strategies,1,0
seagull,2,0
male,0,1
2448.0,0,1
nname,1,0
g4u5iao20250,0,1
beautiful,3,0
compare,2,0
atm,1,0
prompt,1,2
stated,1,0
56.4,1,1
approved,0,2
suggestions,0,1
101f916f17,1,0
accept,0,1
boycott,0,1
states,2,0
npoverty,1,0
minimum,2,1
c98d8800,4,0
numbers,1,0
0700.,0,1
setmbmvrzg@takemetothesavings.com,0,1
phrase,3,3
magenta,0,1
lacks,1,0
gifters,1,0
5.0,2,6
information,10,7
needs,2,0
5.3,0,1
5.4,3,3
5.5,6,2
g6pdnjr26414,1,0
5.7,0,1
rather,1,3
5.9,23,20
plans,2,0
18jul2002,1,0
stayed,1,0
menus,0,1
occasionally,1,0
earnings,1,1
144.26,0,1
reject,0,1
243.60,1,0
fp,0,1
n34,0,1
arrrrg,1,0
tried,2,0
fw,1,3
kitty,0,1
fz,0,1
replace,3,0
sven,1,0
plane,1,0
blood,2,0
coming,0,1
fi,3,3
bloom,1,0
response,6,1
fo,5,2
a,943,109
short,3,4
rpm-list-admin@freshrpms.,3,3
postfix,60,35
3ehas,0,2
egp,0,1
bugs,0,1
lhh,2,0
g6ony6j55023,0,1
shore,1,0
shade,0,1
media,1,0
inline,2,2
lasting,1,0
dream,1,1
playing,0,3
uc1a1,1,0
3100se,0,1
help,23,17
september,1,0
technology,0,1
greatdeals@webstakes.com,2,0
soon,1,3
meridia,0,2
installed,2,3
stylus,1,0
65.107,1,0
thermal,1,0
organize,0,1
through,5,7
daniel,0,1
reconnect,0,1
signs,3,1
hell,0,2
helo,4,10
localpart,1,0
avenue,1,0
its,3,4
astrology,5,0
messed,1,0
style,0,1
saou,3,2
6r928,0,1
jackpots,1,1
responsible,0,1
actually,3,0
late,1,1
feel,2,0
clrim,2,0
html,22,9
systems,1,2
annual,1,0
tabbed,0,1
2.,10,14
originalarrivaltime,1,0
might,1,4
3bability,0,1
pkgs,2,2
7.07,0,1
wouldn,3,2
hurting,1,0
someone,5,1
return,39,31
192.114,2,0
mortage,1,0
yb,0,1
nospam,1,2
unusable,1,0
framework,1,0
223b916f03,1,0
66.140,1,0
dad,2,0
yr,0,1
g4t2vu700384,0,1
centaurhosting,2,0
sucked,1,0
easily,1,4
erection,1,0
master@ibd.pe.kr,2,0
redesign,1,0
6add,1,0
fully,2,1
7a551de087,1,0
userid,6,2
nbefore,1,0
mirapoint,1,0
token,1,0
allergies,1,1
mastercard,1,0
iint,0,1
found,1,11
nsomething,1,1
notes,1,0
referred,1,0
week,1,1
ntime,2,1
nicotine,1,1
weight,6,5
livejournal,0,1
energy,2,0
encrypted,0,1
reduce,0,1
idea,3,2
him,2,0
g6onyhi5010344,0,1
narticle,1,0
127.0,66,52
connect,0,1
ud14c,1,0
operation,2,2
g14l6r318061,1,1
insurance,2,1
really,6,8
250.211,2,0
deals,0,1
3eexpress,0,5
0.00,0,4
missed,0,1
item,0,9
robert,1,3
since,5,1
publish,4,0
whitelists,0,1
health,3,1
flowed,2,1
nprogram,3,3
uc99d,1,0
evaluation,1,0
occurs,0,1
nwant,0,1
asp,0,2
earns,1,0
12a1,1,0
lawrence,5,3
3.02,1,0
friday,1,0
story,1,0
labs,20,13
sbc,0,1
qualify,0,1
2fp,0,28
proxy,0,3
disposition,2,2
49.50,0,10
put,4,1
teach,2,1
generate,2,0
http://internet.e-mail,1,0
producers,1,0
owners,1,0
benefits,1,0
publicservice2002,2,0
hacked,2,0
uc998,2,0
ncell,0,1
g4bfpid03512,0,1
computers,2,1
success,2,0
netnoteinc,20,13
expecting,1,0
w,213,3
configurations,1,0
smtp0221,1,0
ntwitches,1,0
issuance,2,0
reversing,1,0
gpg,1,0
v6,0,1
forwards,1,0
encoding,19,18
6.00,2,1
relate,0,2
g6mgzfj40843,1,0
e5e1816f17,0,1
number,5,15
done,8,2
defects,0,1
188.179,1,0
jabber,2,4
ef30e2940a1,1,0
smtpd32,1,0
razor,0,1
guess,1,0
nations,1,0
jet,1,19
2fb,0,4
leading,1,0
48.31,2,2
2fa,0,7
least,2,2
se7en,3,3
militant,0,1
cbc3,4,4
care4family@excite.com,1,0
noticed,0,1
50.4133,0,2
uad50,1,0
3cul,0,3
nigeria,4,0
listed,0,1
3d4,0,6
n48,0,1
selling,0,1
kids,1,0
option,0,1
relationship,1,1
3d3,0,40
n41,0,1
cypherpunks@einstein.ssz.com,1,0
n43,0,1
n42,0,1
29.99,2,0
n44,0,1
immediate,0,1
n46,0,1
nother,1,0
3cp,0,34
part,7,4
cartridges,3,3
bwmam03,0,1
6bb0d16f03,0,1
freshrpms,6,8
convinced,1,0
2fi,0,3
traps,0,1
king,1,0
kind,2,1
b,264,55
grep,0,1
algos,1,0
undisclosed.recipients@locust.minder.net,1,0
0002dr,1,0
dtd,3,0
headers,3,2
65.50,0,3
architect,0,1
supposed,1,0
fishermen,1,0
6lse,0,1
interactive,2,0
n49,0,1
iintx,0,1
3ethis,0,2
outstanding,1,0
http://www.daypop.com/top/,0,1
129.50,0,1
opex,0,4
reunion,1,0
ages,5,0
0claws5,1,0
nsimple,0,1
nrepay,1,0
orders,1,0
sell,1,0
g8719vx2026373,1,0
untie,1,0
3d2,0,19
020dd40c52,1,0
trip,0,1
self,2,1
nanother,1,0
eft,2,0
makers,1,1
nspamassassin-sightings@lists.sourceforge.,2,1
also,10,4
without,5,2
chairman,0,2
hgh,1,0
lis,1,0
finding,1,1
c3906a,0,2
buff,1,0
folders,2,0
play,4,5
towards,1,0
macs,0,1
index,3,1
programmers,0,1
7.,3,2
inconvenience,1,1
uncommunicative,0,1
took,1,1
react,1,0
most,5,5
virus,3,1
theadmanager,1,0
sponsored,2,4
plan,3,3
moss,0,1
n71,0,1
services,1,1
boycotting,0,1
9ad22440c8,1,0
understands,0,1
constructed,1,0
spamassassin-devel@example.sourceforge.,1,0
windows,9,5
clear,2,0
kh,0,1
cover,0,1
09kore,0,1
traditional,0,2
kr,1,0
http://www.geocities.com/hal_devore_ii/haleye48.gif,1,0
238.223,1,0
clean,1,7
nholders,0,1
microsoft,14,9
joining,1,1
frugaljoe,3,0
cypherpunks@ssz.com,1,0
xa0and,1,1
pennies,0,1
cdo,1,0
npurchase,0,1
miraflores,2,0
python,1,1
cdt,11,4
session,0,1
businesses,1,0
g8ck2nc13516,1,0
v482,1,0
npeople,1,0
headlines,1,2
nlets,1,0
fine,0,1
find,3,2
completion,1,0
472fd2940f2,1,0
regulations,2,0
copyright,1,0
nstranger,1,0
writes,1,2
writer,0,4
unhappy,1,0
stevens,1,0
82.124,1,0
viagra,2,1
randy,0,1
nexn0zw0uicbpciwgawygew91ighhdmugmjagag91cnmgcgvyihdlzwssigfz,0,1
pretty,1,1
equity,2,1
list@ssz.com,1,0
publicservice1@btamail.net.cn,1,0
208.179,1,0
his,7,0
founding,1,0
template,0,1
permission,1,0
spamd,0,2
g14fsf329714,1,0
connections,0,1
express,5,2
resent,4,0
blank,2,0
nclick,0,1
grew,1,0
rest,1,0
lifted,1,0
casino,1,0
during,1,0
banner,1,0
emails,2,2
typos,1,0
nmega,0,1
3esupports,0,1
dylsexics,1,0
transitional,3,0
x93join,0,1
nserver,0,1
2fdiv,0,16
remove,2,7
tcharset,3,1
banking,1,0
common,1,0
activity,0,2
hype,1,1
x,157,107
skipfocus,0,1
wrote,10,4
rooms,1,0
nas,2,1
set,7,1
sep,120,60
throwing,1,0
enabled,0,1
caramail,1,0
potent,0,1
var,2,0
nrecognize,1,0
see,7,7
individual,1,0
4.60,2,0
are,41,33
sea,1,0
close,0,1
2.1,0,1
sel,0,2
2.5,1,1
2.4,1,2
28http,0,1
designed,0,1
speed,2,1
currently,1,1
please,17,16
nopt,0,1
powerhouse,1,0
case,1,1
pickup,1,0
hypebuzzword,1,0
applemail,1,0
envelopes,1,0
respectively,1,0
readme,0,6
probably,6,2
17k8vo,0,1
donate,1,0
thrive,1,0
obscenities,1,0
available,4,3
ndetails,0,1
laugh,1,0
korea,0,2
recently,2,0
anolther,0,1
nsupplies,0,1
missing,1,0
targeted,0,1
9e4e343f99,1,0
mailbox,1,0
0007ne,0,1
59.50,0,1
noff,1,0
interface,1,3
legislature,1,0
both,1,0
c,505,229
3band,0,1
improved,2,0
reverse,1,0
mega,1,0
restaurant,1,0
secrets,1,0
absurdities,0,1
pdt,23,10
g6ony4r02019,0,1
foreign,4,1
nerror,2,0
megs,1,0
nwithout,0,1
1.61,0,1
retarded,1,0
poverty,1,0
c4182x,0,1
whole,3,2
finds,1,0
upgraded,0,2
liked,1,1
nprovince,1,0
hackers,1,0
bell,0,1
simple,9,1
7a3de294176,1,0
124.178,0,1
recycling,1,0
ravages,1,0
whatever,2,0
n33a,0,1
g8pmxgc17688,1,0
alone,2,1
89.50,0,4
simply,4,5
linux,4,9
kotilo,2,2
improvement,1,0
cb1ff2940ef,0,2
platinum,2,0
x93what,0,1
x93platinum,0,1
java,1,0
pyzor,2,0
monthly,0,1
userserver,2,0
yyyy@example.com,1,2
political,1,0
due,1,0
evoking,0,1
hitting,1,0
pc,2,3
secret,1,0
dropping,0,2
pacbell,0,2
3edownload,0,6
nconsistently,1,0
pe,2,0
dup,1,1
applying,0,1
bb76e3d07,0,1
empty,1,1
pm,6,0
ntwfrzsb0agugy2fsbcbhbmqgy2fsbcb0agugmjqgag91cibwcmutcmvjb3jk,0,1
teval,1,0
kislinger987@eudoramail.com,0,1
60.38,1,0
forteana-unsubscribe@egroups.,0,1
1246716efc,1,0
remark,0,1
yyyy@nineplanets.net,1,0
else,1,2
garrigues,0,2
fund,7,0
enc9fvmv8f70h83,0,1
understand,1,2
prices,3,5
despite,1,0
developments,0,1
exmh-users@listman.redhat.,2,1
c2,0,1
2fwww,0,6
spamassassin-commits-admin@example.sourceforge.,0,2
forty,1,0
pierce,2,0
g4tmm9704848,1,0
thirty,1,0
grains,1,0
ndoes,1,1
bill,2,1
vbj101521@caramail.com,2,0
pill,2,3
casino-09242002-html@frugaljoe.330w.,1,0
while,8,2
24.221,0,1
replaced,1,0
3.33,1,0
behavior,0,1
3.31,0,6
deregulation,1,0
loop,4,1
bflitemail4a,3,0
styles,0,1
larger,0,1
d5bba16f03,1,0
cents,1,1
owen,1,0
216.136,0,4
cb70e16f17,0,1
53.73,2,1
49.164,1,0
remojmve,1,0
rij,0,1
xtra,0,1
ready,2,1
blackcomb,0,2
chase,1,0
whitehead,2,2
funny,0,1
3erequires,0,1
tipsmtp,1,0
anymore,0,3
exmhunseen,0,1
government,7,0
tells,0,1
subliminal,0,1
rules,7,1
telemark,1,0
oppose,0,1
copying,1,0
grand,1,1
relatively,1,0
rpm-zzzlist-admin@freshrpms.,6,6
day,6,4
higher,2,1
used,1,6
x86,1,1
cartridge,2,35
mountain,1,0
href,0,5
comprehensive,2,1
andyliao@bigfoot.com,1,0
blair,0,1
overweight,0,1
00.,1,1
uc9c1,2,0
thread,1,0
uses,2,1
user,6,8
conveniently,1,0
recent,2,2
lower,0,1
sha1,0,1
lib,2,0
older,1,0
nproposal,0,1
redesigned,1,0
spent,0,2
5si,0,2
picks,1,0
person,3,1
70.10,1,0
nthat,3,1
xaa07330,0,1
convenient,1,1
y,174,1
entry,0,1
clearance,1,0
spend,2,1
qiakh,0,1
tim,1,0
g7s18ty24254,0,1
nment,1,0
nfast,0,1
precedence,16,12
from,308,225
85.85,2,0
121.66,1,0
spamassassin,22,41
ntop,1,0
internationalfreecall,0,4
c4,0,1
openly,1,0
216.240,0,2
questions,3,2
using,7,5
unti,1,0
alternative,2,1
apple,2,2
loading,0,1
74.6,0,1
extracted,1,2
disappointed,1,0
workers,0,2
203.44,0,1
guaranteed,4,1
cuz,1,0
203.40,0,1
revenue,1,0
source,5,4
3bremove,0,1
herpes,1,1
testimonies,1,1
nfirst,0,1
caa28776,1,0
0.195,0,1
violations,0,1
g14lu1u03541,1,1
cac,1,0
remaining,1,0
surprised,0,1
build,4,7
bin,0,2
customers,1,1
motivating,1,1
dmca,0,1
format,5,1
couple,1,0
0002n5,0,1
xy2fiww2h463@yahoo.com,1,0
sightings,4,2
deepening,1,0
game,2,4
quest,1,0
biz,1,1
logical,1,1
integer,0,1
bit,0,5
193.229,1,1
knock,0,1
sorting,1,0
d,480,69
16x96g,0,1
nsplit,1,0
202.89,2,2
nhaving,1,0
pool21756,0,1
ol5h,0,1
nfinally,0,1
ignore,0,2
communications,3,3
24.196,0,1
55.50,0,3
ville,0,1
essential,1,0
acc38ae2,1,0
db956294191,1,0
google,2,0
640ps,0,1
often,1,0
38.72,0,1
absolutely,1,1
30.220,0,2
164.100,1,0
some,14,14
offscreen,0,2
208.166,1,0
jamiebrownus@yahoo.com,0,1
urgent,1,0
trends,1,0
economic,1,0
2911.0,0,2
g86jwfc21196,1,0
newsletter,1,0
ups,0,1
ourselves,1,0
brent,0,3
delivered,36,27
billing,0,1
einstein,4,3
sylpheed,1,1
contacts,3,0
broadband,0,2
alng,1,0
ub9ac,1,0
robert.chambers@baesystems.com,0,1
per,4,3
seller,1,0
anno,1,0
nigluig15ignhc2usihlvdsbjyw4gbwfrzsbpbiblegnlc3mgb2ygjdewldaw,0,1
http://amavis.org/,2,1
ngrand,1,0
innovation,1,1
7d8ec43f99,1,0
proc,1,0
either,2,1
cgi,0,3
be,53,34
bg,0,1
nesbtb25lesbtb3rpdmf0zwqgyw5kihf1ywxpzmllzc4giekgbmvlzcbwzw9w,0,1
bb,0,1
139.134,0,1
reach,3,0
nsubject,1,0
restrictive,1,0
nyou,6,2
41.75,1,0
br,3,0
nhttps,8,4
crap,0,1
major,1,2
forteana-owner@yahoogroups.,0,1
yyyy@nons.de,1,0
faith,1,0
inter,4,1
zip,0,2
anything,5,3
reappear,0,1
161.132,1,0
idt,2,0
142.90,1,0
ninterests,1,0
senate,1,0
196.218,0,2
8nisi@bootstrap.sculptors.com,0,1
repair,1,0
habeas,14,0
letter,10,1
nso,2,0
172.195,1,0
172.194,1,0
into,14,8
within,4,2
integral,1,0
nonsense,0,3
servers,0,9
200.190,1,0
appropriate,1,0
9.95,1,0
kiyosaki,1,0
gonze,1,0
lesson,3,0
france,0,1
3atargetemailremoval,0,1
zzzz@spamassassin.taint.org,1,0
u203f,0,8
statistics,2,1
computer,6,3
2919.6900,1,0
00.2600,0,1
apparently,0,2
n25a,0,1
host66,1,0
long,3,4
custom,5,2
1.57,0,1
forward,1,1
g12lf7321559,0,1
ncolor,0,4
g89ine131496,1,0
unitown02,2,0
files,3,2
2.14,1,0
180.140,3,4
2650.21,2,0
poster,1,1
registered,1,0
murphy,5,3
jrtx,1,0
g6onygls010335,0,1
noften,1,0
calgary,1,0
mulberry,1,1
envex,0,1
link,7,5
newer,1,0
roman,1,0
russian,1,0
line,4,2
125.50,0,1
info,6,2
utc,1,0
utf,0,3
refinancing,1,0
restarted,0,2
uw,2,0
212.68,2,0
up,32,16
us,31,14
ur,1,0
international,0,2
g8e4eze9029281,1,0
un,0,1
sum,1,0
z,61,0
similar,1,1
called,2,2
smoother,1,0
spamassassin-talk@lists.sourceforge.,0,1
http://www.panasas.com/,0,1
sometimes,1,0
ordered,0,2
worthwhile,0,1
inkjet,4,0
nsign,0,1
5.1,0,1
parser,0,1
http://teledyn.com/,1,1
doesn,2,0
spain,1,0
ninternz,1,0
single,23,20
warning,2,0
4548.,0,1
sourceforge,2,29
ndays,1,0
ks,1,0
uc885,2,0
grp,0,8
138.226,1,0
yahui,0,1
nan,2,0
invalid,1,0
matching,1,0
application,5,2
politicians,1,0
3.22,0,2
nat,1,2
income,3,0
department,4,0
ar,1,0
cyberec,1,0
nice,1,1
responded,1,0
tmp,0,1
users,6,7
http://www.livejournal.com/talkread.bml?journal=jwz,0,1
aser,0,1
lucid,0,1
missin,1,0
thiswith,0,1
x93free,0,1
171.253,0,1
171.252,0,3
helping,1,1
toners,4,0
ctype,1,0
eval,0,1
g8t7v7f30686,0,1
wrinkle,1,0
leadsales400042@yahoo.com,3,0
sides,1,1
ago,3,2
scouting,0,1
g14ft1329743,1,0
e,1034,440
lead,8,0
ninter,1,0
iid,0,1
consumer,0,1
geraldine,1,0
typein,0,1
c4129x,0,1
svc,1,1
departments,1,0
salsbury,0,1
slashnull,31,28
g6p5fb432615,1,0
confederation,1,0
far,3,3
management,0,1
requires,0,1
hello,1,1
auth02,15,12
once,2,4
gw,0,1
ncampaign,0,1
code,3,5
partial,1,0
x96,0,1
x97,0,2
edh,4,2
81bb643f9b,0,1
results,6,3
produce,2,0
slick,1,1
enjoyable,0,1
211.,1,0
g7r1xoz20943,1,0
edt,26,15
edu,7,9
go,12,2
211.219,3,2
g8t7v3y14928,0,1
3efeatures,0,1
issues,1,0
craig@deersoft.com,1,0
nyour,1,0
breached,1,0
uc790,1,0
effort,1,0
base64,0,1
young,0,2
send,19,8
easiest,1,0
languages,1,0
28expresseae,0,1
0.,1,1
helps,2,1
195.98,1,0
commissions,2,0
suite,1,0
g4m1e7e12430,1,0
enlightenment,0,3
n11c,0,1
sent,8,5
gwvizopprus@excite.com,0,3
confirmation,0,1
garden,1,0
3bdd544134,0,1
kci,0,4
avalon,1,0
204.80,1,0
hgh8728@polbox.com,2,0
putting,0,1
179.,1,0
webstakes,3,0
mindupmerchants,2,3
ending,1,0
boggles,1,0
timely,1,1
entire,4,1
n80,1,0
589.3,0,1
positions,0,1
button,1,0
n89,0,1
forbes,1,0
try,12,8
3eaccesses,0,1
nsent,1,0
http://lists.freshrpms.net/mailman/listinfo/rpm-list,0,1
cvxbarry@hotpop.com,1,0
zero,1,0
obesity,0,1
deleting,2,1
noted,0,1
92ed43ed61,1,0
216.103,0,1
smaller,1,0
c57162940ea,1,0
cdr,1,0
fetchmail,23,20
licensed,1,1
jump,2,0
sneaking,1,0
video,3,0
cfx,0,4
expense,0,1
dynamics,1,1
njobs,1,0
click,17,10
inaccurate,1,0
e15d64416f,1,0
formats,1,0
plays,2,0
amavisd,2,1
202.99,1,0
chicago,1,0
giving,1,1
200.60,1,0
access,2,5
paying,1,1
waiting,2,0
lgonze@localhost.localdomain,1,0
toners2go,2,0
psychiatrist,0,2
marketer,1,0
body,3,1
admanmail,2,0
led,1,0
exchange,9,3
c8061x,0,1
nhave,0,1
ler@lerami.lerctr.org,2,1
xm,0,1
nthis,6,0
growing,1,3
146.,1,0
let,2,1
others,3,4
luis,2,0
safer,1,0
nmy,0,1
nmonth,0,1
nalbacore,1,0
bakersfield,1,0
great,4,4
didn,1,3
mmmlknmp8cxa,0,1
receive,12,6
53.74,4,2
replenishables,2,0
mlm,1,0
scientology,0,1
nkioqia0kdqoncg0kdqoncg0kdqoncg0kdqoncg0kdqoncg0kdqpfx19fx19f,0,1
g8h3wkc25106,0,1
products,3,1
3.,5,3
california,4,0
shaded,0,2
makes,1,0
maker,1,1
nicagicagicagicagicaqkio4mdetmjk2ltq0mtagkioqia0kdqpqbgvhc2ug,0,1
acne,0,1
addresses,3,10
maximizers,1,0
apr,1,0
win,0,4
app,2,2
nyw5kihf1ywxpzmllzcbjb21tdw5py2f0b3isiekgd2lsbcbwzxjzb25hbgx5,0,1
private,4,0
2b7c816f03,0,1
names,2,1
sgo,1,0
apply,2,0
bindings,1,1
66.111,1,0
tools,0,1
starband,1,0
2ecom,0,6
standing,1,0
use,9,18
fee,1,1
feb,23,18
figure,1,0
usa,0,1
resynced,1,0
illegal,0,2
remittance,1,0
flat,0,2
next,8,4
usw,0,25
few,10,5
duplicate,0,2
guarantees,0,1
usr,0,1
172.17,0,1
172.16,4,4
length,1,0
reregulate,1,0
spamassassin-talk-admin@example.sourceforge.,0,4
sort,2,0
08.0812,1,0
iip,0,2
000.00,1,0
28up,0,1
heir,2,0
25.3,2,0
trail,1,0
uc5b4,1,0
iif,0,1
g14fui814976,1,0
billed,1,0
iii,0,1
netscape,0,1
had,7,10
customer,2,2
g991nxk12924,0,2
account,20,0
148.239,0,1
f,387,7
this,97,53
oh,3,0
nreceive,2,0
oct,9,55
reproduce,0,1
client,1,0
127.61,1,0
meet,1,1
proof,2,0
control,3,1
0.8,0,2
weaker,1,0
211.184,2,0
211.185,3,0
links,0,1
0.1,66,52
0.0,1,2
0.3,1,2
tax,2,0
purposes,0,1
0.7,1,0
high,9,12
effectively,1,1
imaging,0,1
hotmail,3,0
something,6,3
bones,1,0
233.211,2,2
sed,1,0
voice,0,2
kcilink,0,1
valhalla,0,1
214.196,1,0
sir,1,0
educational,0,1
united,2,0
vsat,1,0
2ewldinfo,0,6
websites,3,0
purpose,0,1
six,1,0
3eauto,0,3
3dblack,0,4
afb,1,0
fortunate,1,1
100.000,0,1
g8edn6k14876,1,0
barcelona,1,0
a30r,0,1
hormones,1,0
nare,1,3
instead,3,3
ncomplement,0,1
dc2b3ea27,1,0
stock,0,1
profile,0,1
summers,1,0
specifications,2,0
locked,1,2
mccready,1,0
fark,0,1
m5mailerprojectid,1,1
abuse,0,2
88.99,1,0
jwz,0,2
coast,4,0
dmeizys,0,1
35.15,2,1
6mp,0,1
pop3,1,2
assassin,0,3
ndifferent,0,1
backup,1,0
lines,0,1
maillist,0,3
3esuite,0,1
n36b,0,1
webmaster@efi.ie,2,0
yyyy@localhost.netnoteinc.com,6,5
allow,1,1
crawling,0,1
npayment,1,0
addiction,0,4
rawhide,1,0
fastest,2,2
nregulations,0,1
evolutionary,0,1
lenders,2,1
move,4,2
0a48,1,0
nc2u6ia0kigfyddkwnubjb25zdwx0yw50lmnvbsagdqoncg0kdqoncg0kmja0,0,1
produced,1,3
mathematicians,2,0
rendered,1,0
enclose,1,0
pine,2,0
mutt,1,2
dial,0,5
agricultural,1,0
arrangement,1,0
bunch,1,0
perfect,2,0
superior,2,1
22http,0,6
le,0,1
western,1,0
http://www.webstakes.com,1,0
ll,4,6
concept,2,0
g14l75318071,1,1
accredited,1,0
http://www.guardian.co.uk/iraq/story/0,0,1
meantime,0,1
owe,1,0
mailin,1,0
nhttp,12,11
choose,1,0
lp,0,1
tibbs,3,0
image,2,0
koreans,0,2
crash,1,0
greater,0,1
611563ec22,1,0
auto,0,4
0.000,0,3
02.,0,1
ncify,1,0
earn,3,0
auth,1,0
devel,0,1
0e8a,1,0
brand,0,1
fingerprint,1,0
front,2,0
4c20,1,1
false,0,1
republican,0,1
3epause,0,1
137.155,1,0
6r899,0,1
february,1,0
esmtp,108,81
warned,0,1
university,1,1
4.15,0,1
3ewindows,0,1
01c264e7,1,0
mode,0,2
shortage,1,0
a87d,1,0
references,8,13
bills,5,1
experienced,2,0
cousin,1,0
root@bucky.sculptors.com,0,1
qmail,5,4
ubdf,1,0
nlists,0,1
3edemo,0,1
doing,4,3
parties,1,0
staying,1,1
related,1,2
gintare@netzero.net,0,1
c7115x,0,1
g6mgzdr00686,1,0
g6mgzghy000762,1,0
dialing,0,3
ud300,1,0
separating,1,0
our,28,6
nfind,0,1
robot,3,0
bigfoot,2,0
special,5,1
out,23,18
license,1,0
2.37,0,1
hughes,5,0
sentiment,1,0
255e13762,1,0
res,0,1
rep,3,4
3cli,0,21
bad,0,1
ase,0,1
critics,0,2
byrne,1,0
ncompany,0,2
dhcp,0,2
cause,1,1
nbeen,1,0
red,0,3
99.50,0,2
c3903a,0,1
loans,2,0
skipwinlist,0,1
g15iw1t03595,1,0
title,3,0
3d25716f17,0,1
dizzying,1,0
promptly,1,1
g2v566a03551,0,1
affective,0,1
2fnobr,0,6
khare,9,4
usual,0,1
nstreet,0,1
6f58f8c0,1,0
forwarded,1,0
0.73,0,2
g,292,2
informs,0,1
nbecause,2,0
could,3,5
vdbs,1,0
keep,3,6
121@flashmail.com,2,0
xw01,1,0
peltonen,1,1
pathname,0,2
xw05,1,0
vac,3,0
52.254,2,2
ncity,0,2
retail,3,1
8bcad3ec68,0,1
south,0,2
depriver,1,1
exam,2,0
there,19,7
websitesource,0,3
matthias,4,3
third,0,1
9857933d8b,1,0
powerful,0,1
owned,1,0
c4096a,0,1
quotation,0,1
cypherpunks,1,0
submit,2,2
pgp,0,5
owner,2,0
bmortgage@ig.com.br,1,0
rcs,0,1
quality,2,1
rpmforge,0,1
nwas,2,0
rcvd,1,0
bonus,2,0
http://isis.webstakes.com/play/isis?id=89801,3,0
ordering,0,2
unknown,8,5
system,14,8
grow,0,2
priority,5,12
their,14,5
attack,0,1
g6nhqi414662,2,0
norton,4,0
autoconverted,1,0
misunderstood,1,1
lottery,1,0
nuncommunicative,0,1
configure,0,1
165.00,0,1
nobody,1,0
lists,9,20
e03d543f99,1,0
173.84,1,0
regards,0,3
unsubscribe,19,17
66.103,0,1
sex,0,3
commence,1,0
x93remove,0,1
colleagues,1,0
ben,2,2
slack,8,0
g6mgzaj40834,1,0
bother,0,2
4si,0,1
mh,3,0
roberts,2,0
cards,0,2
appealing,1,0
ee02d29410f,1,0
nsize,0,3
n9a,0,1
providing,1,1
nfont,1,0
g7vasmwt006287,1,0
bet,1,1
ntowed,1,0
collecting,0,1
1.5,1,1
1.7,0,1
1.0,34,19
1.1,2,4
1.2,2,8
nne1ktgk2ltc5m2dvtk4xmza3v29swdutntgxdkzzdtcwmjnuqnhkoc0xbdqy,0,1
2ecn,0,2
3etimeout,0,1
hx,0,1
interrupted,0,1
3ethe,0,2
nnever,1,1
have,42,32
2.2,1,2
need,11,7
border,0,4
acceleration,0,1
757fa16f03,1,0
2.0,14,13
inform,0,1
eudoramail,0,2
lin12,3,0
able,5,4
n36a,0,1
incentive,0,1
osdn,1,3
2.482,1,0
which,13,12
1.30,2,1
truck,0,1
hazardous,1,0
deposit,2,0
worldwide,1,0
bay,1,0
unless,1,2
freebsd,1,0
101.163,1,0
bsa01,2,0
who,15,9
sc,1,1
e144d16f03,0,1
awl,2,8
connected,1,0
nrick,1,0
eudora,0,1
swbell,1,0
class,1,7
71.115,1,0
volume,2,0
nopportunity,0,1
nsay,1,0
g6pdnti5045564,1,0
won,2,1
url,9,7
fx4,0,3
urn,1,0
request,3,0
fx3,0,4
face,0,66
looked,1,2
ninformation,1,1
capita,1,0
near,0,1
error,2,2
diagnostics,1,0
normally,2,0
fact,1,1
3eeffective,0,1
g8pikqg00488,1,0
downline,1,0
iirc,1,0
extractor,0,4
text,36,26
agreed,3,0
charles,1,0
anyway,1,2
homeowner,1,0
watch,1,1
kaa14336,0,1
148.146,1,0
economist,1,0
cpunks@minder.net,1,1
partners,1,0
vaa30178,0,1
based,4,1
g8i5wyc15711,0,1
posting,0,1
debacles,1,0
cpinternet,3,0
cache,1,2
specified,0,1
should,6,6
buttons,1,0
held,1,1
unable,1,1
g4ilbxe05759,0,1
employed,1,1
local,2,7
5.143,1,1
handle,0,1
daypop,0,2
means,1,1
d5117ea0a,1,0
hetf,2,0
overall,1,2
bear,1,0
vehicles,0,1
zzzz@localhost.jmason.org,2,0
timing,1,0
neasy,1,1
nactivities,0,1
3claws,0,1
evolution,1,0
nisn,0,1
206.,0,1
6b5b94415a,0,1
h,389,1
df6be3ec37,0,1
mycomps,1,0
taxes,0,1
calling,0,8
qa,0,1
sha,4,4
stuff,2,0
she,1,0
including,1,2
grab,0,1
5fdownload,0,6
experiences,0,1
nbsp,3,51
europe,0,1
54.00,0,1
ubpz,0,1
accepted,1,0
frame,0,1
edition,1,0
skiptask,0,1
officials,3,0
massand,1,0
multipart,3,2
nzg8gbm90ig1ha2ugdghpcybjywxsihvubgvzcyb5b3ugyxjligdlbnvpbmvs,0,1
operated,0,1
17wz9u,0,1
packed,2,0
creating,0,3
unlimited,1,1
74.9,1,0
wealth,1,0
dmeizys@host11.websitesource.com,0,1
pattern,1,1
nofsknxxdqgtgqvsoiytkivajvtj,1,0
below,6,1
2fme,0,1
superb,3,3
favor,3,0
state,6,5
ndollars,1,0
correctly,1,1
http://www.nytimes.com/2002/10/09/technology/09kore.html,0,1
progress,1,0
neither,1,0
nm14070pbl602,1,0
email,29,42
glen,1,0
67.199,0,1
explosive,1,1
ability,1,3
god,1,0
importance,1,4
rock,1,0
185.169,1,0
deliver,1,1
g6mgzek00699,1,0
nprofessionals,1,0
willing,1,0
key,3,1
exmh-users@listman.spamassassin.taint.,2,1
useless,1,1
g2v55wj24111,0,1
g4t2vzo15820,0,1
tls,4,4
restrictions,1,0
hits,4,11
figured,1,0
instant,1,0
33.76,0,1
admin,1,0
minutes,4,4
invited,3,0
ncgvyigrhesb0bybxdwfsawz5ihbyb3nwzwn0cyb0agf0iekgy2fuihbyb3zp,0,1
equal,1,0
drug,1,0
g12lgo806449,0,1
etc,5,3
n40,0,1
g991mc523727,0,2
auctions,1,0
ncorporate,0,1
22e25e1d,0,2
behaviour,0,1
lofty,1,1
safely,1,0
40yahoo,4,0
otherwise,1,0
comment,0,1
gtts1@cable.net.co,0,1
co,3,1
jbjy,0,1
cc,21,5
lj,0,4
ca,5,0
cg,0,1
m14070pbl602,1,0
cd,1,1
subscribe,17,13
nmore,0,1
crafted,2,0
1655x150,0,1
nbazillion,1,0
winning,1,0
rpm,18,12
earning,1,0
cu,0,3
ad,3,1
mailto,0,4
bbn,1,0
provinces,5,0
8.2,0,1
mailman,20,15
8.6,0,1
8.9,6,8
decent,1,1
copier,1,2
copies,3,0
apologize,1,0
migrate,1,0
x92t,0,3
nlegal,1,0
indicators,0,1
nnot,1,0
http://www.newsisfree.com/images/fark/yahoonews.gif,0,1
waste,8,4
129.250,1,0
uad11,1,0
e310,0,1
g89j5th02285,1,0
verizon,2,0
2462.0000,2,0
moved,2,0
64.175,0,1
http://docs.yahoo.com/info/terms/,0,1
tycho,0,2
bulk,15,14
hmm,0,1
kflw9c9t,0,1
uio,1,0
bull,1,0
c3,0,1
last,3,2
c1,0,1
general,1,1
present,0,1
blackouts,3,0
140.112,1,0
charterga,0,1
multi,2,4
66.13,1,0
laser,3,38
abandoned,1,0
unlike,3,2
plain,19,17
rpms,0,1
nincorporate,0,1
cvs,5,15
value,1,1
will,42,21
qualcomm,0,1
entrepreneurial,1,0
scanned,2,1
dude,1,0
promoted,0,1
au,1,2
ultra,2,1
frustrating,1,1
discoveries,1,0
pheromone,0,1
17jchb,0,1
http://jang.com.pk/thenews/oct2002-daily/07-10-2002/world/w9.htm,0,1
va,0,6
layer,0,1
186.15,1,0
ve,7,2
omni,1,0
kernel,11,10
gw01,1,0
thus,1,1
vm,0,1
frat,1,0
ay,0,1
bucky,0,2
arabia,0,1
partner,2,0
nwhatsoever,0,1
3e60,0,1
159.3,1,0
5.50,1,0
6pxi,0,1
isp,0,3
connection,0,1
smtp013,1,1
member,3,2
53.179,1,0
rot13,0,6
strange,2,1
vaa21625,0,1
vore,2,0
digging,0,1
conversations,1,0
n3419,0,1
f64,1,0
powerdsine,2,0
dan,0,1
2d8b,1,0
killed,1,0
4.5,0,1
acjk01ct2f28lajprrabslkmp7qtcg,1,0
material,0,1
http,0,1
userdomain,2,0
reporting,1,0
upon,3,1
disconnect,0,1
mutating,0,1
milter,2,1
v3,0,1
medlicott,0,1
v5,1,2
92.249,1,0
whale,4,0
php,5,0
3bsplit,0,1
ideally,1,0
transaction,2,0
off,3,6
center,2,2
warranted,1,0
i,945,101
exmh-users@spamassassin.taint.,8,4
weapon,1,0
wanadoo,0,2
well,5,5
fighting,1,0
thought,0,1
1000.00,1,0
drone,2,2
command,2,1
19a6b2940bd,1,0
english,2,0
position,5,2
muscle,2,0
latest,1,1
ny,1,0
stores,1,0
less,5,3
nsystems,0,1
boot,0,1
club,0,1
domestic,0,3
tcp,1,0
213.105,3,4
2fbeeb,0,1
26.6,1,0
tcl,0,1
distant,1,0
fishing,1,0
tci,1,1
nout,1,1
paul,1,1
housing,1,0
uc5f4,1,0
1814d294169,1,0
adv,0,2
web,9,4
nunder,1,0
rapid,1,0
ads,0,1
wed,37,42
supply,1,0
bullshit,0,1
add,9,5
book,1,0
attractive,0,1
0.5,0,1
g53ctso13933,1,0
warrant,1,0
loan,1,1
smart,0,1
gmt,4,3
crtntx,2,0
whitelisting,0,1
tests,0,5
nproduct,1,0
increased,1,0
myth,1,0
disappearance,1,0
checking,1,0
nhaven,0,1
term,1,0
five,1,0
know,6,6
unseen,0,16
desk,1,0
immediately,3,1
4mp,0,1
loss,3,4
c1o,0,1
like,17,11
lost,0,1
skips,2,1
efficiency,1,0
resin,0,4
88.1,1,0
g15ixc819190,1,0
nnecessarily,1,0
nessentially,1,0
0007da,1,0
payments,1,0
lose,3,1
become,2,3
works,8,3
4ml,0,1
page,5,2
replacement,1,0
maillimests,1,0
exceed,2,0
because,17,6
lj4100,0,1
sequence,0,3
qhqawtqz,1,0
0006n9,0,1
searching,0,2
hair,2,1
husi,0,2
growth,3,0
34.644,0,1
egwn,22,21
proper,0,1
home,9,3
empire,1,0
peter,4,3
happens,1,0
65.356,0,1
est,2,0
0xdeadbeef,6,0
jalapeno,30,30
66.124,1,0
lean,1,0
boggled,0,1
does,10,4
nforward,0,1
wendy,7,0
g6mgzn8l000831,1,0
46.50,0,4
warranties,0,1
pr,0,4
dcl,0,1
casino@frugaljoe.com,1,0
pqeqi,0,1
ps,1,2
nrestricted,1,0
lexmark,1,4
host,1,0
28using,0,1
although,0,1
snapped,0,1
paste,4,0
periodically,1,0
panel,1,0
about,14,19
lifestyle,1,1
justin,3,2
ndo,1,1
getting,3,4
ae0ed1c2c4,0,1
n0805wsrp6,0,1
compatible,2,0
17k8w3,0,1
7e2ca16f03,1,0
important,0,1
216.53,1,0
0400.,1,0
2653.13,3,1
powerpoint,1,0
4simx,0,1
software,4,3
warranty,1,5
own,9,7
letters,3,0
g8t7cfi01538,0,1
g6j7renr016990,1,0
keeps,2,0
previously,1,1
swe,12,0
warrants,1,0
washington,1,0
sprintbbd,0,1
included,0,1
guard,2,0
activate,0,1
promise,1,1
tiny,0,1
keystroke,0,1
30t11,0,1
w3c,3,0
2.50,2,9
sgodaily,1,0
additional,2,1
commission,4,0
transfer,23,15
recruiter,0,1
nreinstalling,1,0
216.194,0,2
kidding,1,0
hyun,0,2
reregulation,1,0
l3500,0,1
notices,1,0
g7s18tp24258,0,1
unresponsive,0,1
9.0,0,6
9.1,0,1
hotspots,0,1
mailer,16,16
buy,2,2
maintenance,0,1
nentirely,1,0
nmale,1,0
norte,1,0
hp,3,5
hq,8,4
xerox,1,1
but,19,8
delivery,6,6
hk,1,0
hi,2,4
nconsider,0,1
automated,1,0
ncommunication,0,1
helpful,1,0
noverweight,1,0
eat,0,1
hd,3,0
he,4,0
count,0,2
made,4,1
tossed,1,0
packard,1,2
h0n0c@lin12.triumf.ca,1,0
whether,1,2
wish,7,2
j,31,2
signed,0,1
g8t7v7y30694,0,1
limit,1,1
problem,2,5
90c683ede2,1,0
0004xf,0,1
nhour,0,1
3esupport,0,4
installer,1,0
int,8,8
recognize,1,0
64.166,1,0
64.161,9,4
graphical,1,0
3bmaintain,0,1
3cstrong,0,24
8bit,3,3
ink,3,0
2eexpresseae,0,1
nworried,0,1
98.192,1,0
happen,1,3
352bb16f03,1,0
inc,1,4
m4683g,0,1
ingredients,1,0
switch,0,3
percent,0,2
virtual,0,4
3bmanual,0,1
4.,4,1
nb3ugy2fuig1ha2ugjdqwmcbhigrhesbwyxj0ihrpbwugdxnpbmcgdghpcybz,0,1
other,15,9
http://www.takemetothesavings.com/stopthemailplease/,0,1
details,1,2
balam,2,0
nrules,1,0
v05r01m00,1,0
backuping,1,0
207.200,1,1
junk,0,1
g15ivtt03583,1,0
xa0the,1,0
ce0c416f03,1,0
excite,0,1
serv23243,0,1
128.114,0,4
txt,1,0
stay,2,0
uba,4,0
g8t7v1p11760,0,1
nyourself,1,0
13t0101,0,1
friends,13,4
debian,1,20
incurred,1,1
searches,0,2
n47,0,2
musclemen,0,1
g89j2oc28267,1,0
factors,1,0
nforget,1,0
bcc,1,0
69g8256,0,1
nwould,1,0
compete,1,0
145.8,1,1
ff0080,0,6
g8qfubg24878,0,1
removal992002@yahoo.com,1,0
visa,1,0
